<annotation>
	<folder>my-project-name</folder>
	<filename>13.jpg</filename>
	<path>/my-project-name/13.jpg</path>
	<source>
		<database>Unspecified</database>
	</source>
	<size>
		<width>1040</width>
		<height>780</height>
		<depth>3</depth>
	</size>
	<object>
		<name>1000</name>
		<pose>Unspecified</pose>
		<truncated>0</truncated>
		<difficult>0</difficult>
		<bndbox>
			<xmin>735</xmin>
			<ymin>213</ymin>
			<xmax>892</xmax>
			<ymax>366</ymax>
		</bndbox>
	</object>
	<object>
		<name>2000</name>
		<pose>Unspecified</pose>
		<truncated>0</truncated>
		<difficult>0</difficult>
		<bndbox>
			<xmin>746</xmin>
			<ymin>422</ymin>
			<xmax>910</xmax>
			<ymax>587</ymax>
		</bndbox>
	</object>
	<object>
		<name>1000</name>
		<pose>Unspecified</pose>
		<truncated>0</truncated>
		<difficult>0</difficult>
		<bndbox>
			<xmin>586</xmin>
			<ymin>524</ymin>
			<xmax>740</xmax>
			<ymax>680</ymax>
		</bndbox>
	</object>
	<object>
		<name>50</name>
		<pose>Unspecified</pose>
		<truncated>0</truncated>
		<difficult>0</difficult>
		<bndbox>
			<xmin>578</xmin>
			<ymin>312</ymin>
			<xmax>711</xmax>
			<ymax>446</ymax>
		</bndbox>
	</object>
	<object>
		<name>1000</name>
		<pose>Unspecified</pose>
		<truncated>0</truncated>
		<difficult>0</difficult>
		<bndbox>
			<xmin>573</xmin>
			<ymin>76</ymin>
			<xmax>724</xmax>
			<ymax>226</ymax>
		</bndbox>
	</object>
	<object>
		<name>500</name>
		<pose>Unspecified</pose>
		<truncated>0</truncated>
		<difficult>0</difficult>
		<bndbox>
			<xmin>417</xmin>
			<ymin>14</ymin>
			<xmax>544</xmax>
			<ymax>140</ymax>
		</bndbox>
	</object>
	<object>
		<name>20</name>
		<pose>Unspecified</pose>
		<truncated>0</truncated>
		<difficult>0</difficult>
		<bndbox>
			<xmin>311</xmin>
			<ymin>106</ymin>
			<xmax>425</xmax>
			<ymax>217</ymax>
		</bndbox>
	</object>
	<object>
		<name>2000</name>
		<pose>Unspecified</pose>
		<truncated>0</truncated>
		<difficult>0</difficult>
		<bndbox>
			<xmin>223</xmin>
			<ymin>202</ymin>
			<xmax>374</xmax>
			<ymax>366</ymax>
		</bndbox>
	</object>
	<object>
		<name>200</name>
		<pose>Unspecified</pose>
		<truncated>0</truncated>
		<difficult>0</difficult>
		<bndbox>
			<xmin>119</xmin>
			<ymin>319</ymin>
			<xmax>271</xmax>
			<ymax>473</ymax>
		</bndbox>
	</object>
	<object>
		<name>5000</name>
		<pose>Unspecified</pose>
		<truncated>0</truncated>
		<difficult>0</difficult>
		<bndbox>
			<xmin>248</xmin>
			<ymin>510</ymin>
			<xmax>403</xmax>
			<ymax>674</ymax>
		</bndbox>
	</object>
	<object>
		<name>100</name>
		<pose>Unspecified</pose>
		<truncated>0</truncated>
		<difficult>0</difficult>
		<bndbox>
			<xmin>344</xmin>
			<ymin>341</ymin>
			<xmax>494</xmax>
			<ymax>487</ymax>
		</bndbox>
	</object>
	<object>
		<name>200</name>
		<pose>Unspecified</pose>
		<truncated>0</truncated>
		<difficult>0</difficult>
		<bndbox>
			<xmin>377</xmin>
			<ymin>171</ymin>
			<xmax>527</xmax>
			<ymax>322</ymax>
		</bndbox>
	</object>
	<object>
		<name>10</name>
		<pose>Unspecified</pose>
		<truncated>0</truncated>
		<difficult>0</difficult>
		<bndbox>
			<xmin>398</xmin>
			<ymin>484</ymin>
			<xmax>504</xmax>
			<ymax>592</ymax>
		</bndbox>
	</object>
	<object>
		<name>10</name>
		<pose>Unspecified</pose>
		<truncated>0</truncated>
		<difficult>0</difficult>
		<bndbox>
			<xmin>230</xmin>
			<ymin>411</ymin>
			<xmax>350</xmax>
			<ymax>513</ymax>
		</bndbox>
	</object>
</annotation>