<annotation>
	<folder>my-project-name</folder>
	<filename>2.jpg</filename>
	<path>/my-project-name/2.jpg</path>
	<source>
		<database>Unspecified</database>
	</source>
	<size>
		<width>1040</width>
		<height>780</height>
		<depth>3</depth>
	</size>
	<object>
		<name>100</name>
		<pose>Unspecified</pose>
		<truncated>0</truncated>
		<difficult>0</difficult>
		<bndbox>
			<xmin>626</xmin>
			<ymin>448</ymin>
			<xmax>819</xmax>
			<ymax>640</ymax>
		</bndbox>
	</object>
	<object>
		<name>10</name>
		<pose>Unspecified</pose>
		<truncated>0</truncated>
		<difficult>0</difficult>
		<bndbox>
			<xmin>685</xmin>
			<ymin>116</ymin>
			<xmax>823</xmax>
			<ymax>256</ymax>
		</bndbox>
	</object>
	<object>
		<name>20</name>
		<pose>Unspecified</pose>
		<truncated>0</truncated>
		<difficult>0</difficult>
		<bndbox>
			<xmin>512</xmin>
			<ymin>243</ymin>
			<xmax>663</xmax>
			<ymax>393</ymax>
		</bndbox>
	</object>
	<object>
		<name>50</name>
		<pose>Unspecified</pose>
		<truncated>0</truncated>
		<difficult>0</difficult>
		<bndbox>
			<xmin>284</xmin>
			<ymin>184</ymin>
			<xmax>460</xmax>
			<ymax>360</ymax>
		</bndbox>
	</object>
	<object>
		<name>500</name>
		<pose>Unspecified</pose>
		<truncated>0</truncated>
		<difficult>0</difficult>
		<bndbox>
			<xmin>226</xmin>
			<ymin>424</ymin>
			<xmax>388</xmax>
			<ymax>600</ymax>
		</bndbox>
	</object>
</annotation>