<annotation>
	<folder>my-project-name</folder>
	<filename>5.jpg</filename>
	<path>/my-project-name/5.jpg</path>
	<source>
		<database>Unspecified</database>
	</source>
	<size>
		<width>780</width>
		<height>1040</height>
		<depth>3</depth>
	</size>
	<object>
		<name>100</name>
		<pose>Unspecified</pose>
		<truncated>0</truncated>
		<difficult>0</difficult>
		<bndbox>
			<xmin>231</xmin>
			<ymin>246</ymin>
			<xmax>367</xmax>
			<ymax>396</ymax>
		</bndbox>
	</object>
	<object>
		<name>10</name>
		<pose>Unspecified</pose>
		<truncated>0</truncated>
		<difficult>0</difficult>
		<bndbox>
			<xmin>337</xmin>
			<ymin>374</ymin>
			<xmax>438</xmax>
			<ymax>481</ymax>
		</bndbox>
	</object>
	<object>
		<name>2000</name>
		<pose>Unspecified</pose>
		<truncated>0</truncated>
		<difficult>0</difficult>
		<bndbox>
			<xmin>423</xmin>
			<ymin>275</ymin>
			<xmax>577</xmax>
			<ymax>424</ymax>
		</bndbox>
	</object>
	<object>
		<name>20</name>
		<pose>Unspecified</pose>
		<truncated>0</truncated>
		<difficult>0</difficult>
		<bndbox>
			<xmin>429</xmin>
			<ymin>501</ymin>
			<xmax>543</xmax>
			<ymax>618</ymax>
		</bndbox>
	</object>
	<object>
		<name>50</name>
		<pose>Unspecified</pose>
		<truncated>0</truncated>
		<difficult>0</difficult>
		<bndbox>
			<xmin>178</xmin>
			<ymin>482</ymin>
			<xmax>308</xmax>
			<ymax>611</ymax>
		</bndbox>
	</object>
	<object>
		<name>1000</name>
		<pose>Unspecified</pose>
		<truncated>0</truncated>
		<difficult>0</difficult>
		<bndbox>
			<xmin>75</xmin>
			<ymin>330</ymin>
			<xmax>218</xmax>
			<ymax>475</ymax>
		</bndbox>
	</object>
	<object>
		<name>500</name>
		<pose>Unspecified</pose>
		<truncated>0</truncated>
		<difficult>0</difficult>
		<bndbox>
			<xmin>313</xmin>
			<ymin>613</ymin>
			<xmax>436</xmax>
			<ymax>741</ymax>
		</bndbox>
	</object>
	<object>
		<name>200</name>
		<pose>Unspecified</pose>
		<truncated>0</truncated>
		<difficult>0</difficult>
		<bndbox>
			<xmin>495</xmin>
			<ymin>679</ymin>
			<xmax>647</xmax>
			<ymax>829</ymax>
		</bndbox>
	</object>
	<object>
		<name>5000</name>
		<pose>Unspecified</pose>
		<truncated>0</truncated>
		<difficult>0</difficult>
		<bndbox>
			<xmin>585</xmin>
			<ymin>435</ymin>
			<xmax>735</xmax>
			<ymax>591</ymax>
		</bndbox>
	</object>
</annotation>