<annotation>
	<folder>my-project-name</folder>
	<filename>8.jpg</filename>
	<path>/my-project-name/8.jpg</path>
	<source>
		<database>Unspecified</database>
	</source>
	<size>
		<width>780</width>
		<height>1040</height>
		<depth>3</depth>
	</size>
	<object>
		<name>100</name>
		<pose>Unspecified</pose>
		<truncated>0</truncated>
		<difficult>0</difficult>
		<bndbox>
			<xmin>304</xmin>
			<ymin>79</ymin>
			<xmax>478</xmax>
			<ymax>260</ymax>
		</bndbox>
	</object>
	<object>
		<name>10</name>
		<pose>Unspecified</pose>
		<truncated>0</truncated>
		<difficult>0</difficult>
		<bndbox>
			<xmin>458</xmin>
			<ymin>260</ymin>
			<xmax>581</xmax>
			<ymax>393</ymax>
		</bndbox>
	</object>
	<object>
		<name>2000</name>
		<pose>Unspecified</pose>
		<truncated>0</truncated>
		<difficult>0</difficult>
		<bndbox>
			<xmin>530</xmin>
			<ymin>337</ymin>
			<xmax>721</xmax>
			<ymax>525</ymax>
		</bndbox>
	</object>
	<object>
		<name>200</name>
		<pose>Unspecified</pose>
		<truncated>0</truncated>
		<difficult>0</difficult>
		<bndbox>
			<xmin>466</xmin>
			<ymin>503</ymin>
			<xmax>643</xmax>
			<ymax>682</ymax>
		</bndbox>
	</object>
	<object>
		<name>5000</name>
		<pose>Unspecified</pose>
		<truncated>0</truncated>
		<difficult>0</difficult>
		<bndbox>
			<xmin>471</xmin>
			<ymin>732</ymin>
			<xmax>649</xmax>
			<ymax>912</ymax>
		</bndbox>
	</object>
	<object>
		<name>200</name>
		<pose>Unspecified</pose>
		<truncated>0</truncated>
		<difficult>0</difficult>
		<bndbox>
			<xmin>238</xmin>
			<ymin>693</ymin>
			<xmax>422</xmax>
			<ymax>860</ymax>
		</bndbox>
	</object>
	<object>
		<name>20</name>
		<pose>Unspecified</pose>
		<truncated>0</truncated>
		<difficult>0</difficult>
		<bndbox>
			<xmin>310</xmin>
			<ymin>523</ymin>
			<xmax>447</xmax>
			<ymax>657</ymax>
		</bndbox>
	</object>
	<object>
		<name>10</name>
		<pose>Unspecified</pose>
		<truncated>0</truncated>
		<difficult>0</difficult>
		<bndbox>
			<xmin>324</xmin>
			<ymin>339</ymin>
			<xmax>447</xmax>
			<ymax>457</ymax>
		</bndbox>
	</object>
	<object>
		<name>50</name>
		<pose>Unspecified</pose>
		<truncated>0</truncated>
		<difficult>0</difficult>
		<bndbox>
			<xmin>167</xmin>
			<ymin>229</ymin>
			<xmax>323</xmax>
			<ymax>393</ymax>
		</bndbox>
	</object>
	<object>
		<name>1000</name>
		<pose>Unspecified</pose>
		<truncated>0</truncated>
		<difficult>0</difficult>
		<bndbox>
			<xmin>145</xmin>
			<ymin>391</ymin>
			<xmax>315</xmax>
			<ymax>565</ymax>
		</bndbox>
	</object>
	<object>
		<name>500</name>
		<pose>Unspecified</pose>
		<truncated>0</truncated>
		<difficult>0</difficult>
		<bndbox>
			<xmin>80</xmin>
			<ymin>558</ymin>
			<xmax>229</xmax>
			<ymax>714</ymax>
		</bndbox>
	</object>
</annotation>